{"cameraMode":{"drawMode":0,"name":"Shaded","section":"Shading Mode"},"sceneLighting":true,"audioPlay":false,"sceneViewState":{"showFog":true,"showMaterialUpdate":false,"showSkybox":true,"showFlares":true,"showImageEffects":true,"showParticleSystems":true},"in2DMode":false,"pivot":{"x":3.98795223236084,"y":-2.6229591369628908,"z":2.282489776611328},"rotation":{"x":-0.05198594182729721,"y":0.9478110671043396,"z":-0.23225966095924378,"w":-0.212148979306221},"size":51.70558166503906,"orthographic":false}