{"cameraMode":{"drawMode":0,"name":"Shaded","section":"Shading Mode"},"sceneLighting":true,"audioPlay":false,"sceneViewState":{"m_AlwaysRefresh":false,"showFog":true,"showSkybox":true,"showFlares":true,"showImageEffects":true,"showParticleSystems":true,"showVisualEffectGraphs":true,"m_FxEnabled":true},"in2DMode":false,"pivot":{"x":153.37173461914063,"y":48.01251220703125,"z":-20.815383911132814},"rotation":{"x":0.15093767642974854,"y":-0.44014617800712588,"z":0.07532749325037003,"w":0.8819426894187927},"size":147.11798095703126,"orthographic":true}